{
   "background_color": 4294309365.0,
   "border_color": 2137468056.0,
   "description": "Inspired by Benzi's Alfred theme http://www.packal.org/theme/alfred-forum",
   "grid_line_color": 4293061104.0,
   "name": "Alfred Forum",
   "scrollbar_color": 1353656173.0,
   "search_box_cue_banner_color": 4291152079.0,
   "search_box_text_color": 4278190080.0,
   "search_result_comment_color": 4280177281.0,
   "search_result_text_color": 4284163974.0,
   "selected_background_color": 4281927253.0,
   "selected_search_result_comment_color": 4289893835.0,
   "selected_search_result_text_color": 4294967284.0,
   "version": 1
}
