{
   "background_color": 4282532418.0,
   "border_color": 1069925829.0,
   "description": "Inspired by Brock's Alfred theme",
   "grid_line_color": 1715815749.0,
   "name": "Dark and Smooth",
   "scrollbar_color": 1354743743.0,
   "search_box_cue_banner_color": 4291152079.0,
   "search_box_text_color": 4293124579.0,
   "search_result_comment_color": 4289111718.0,
   "search_result_text_color": 4289111718.0,
   "selected_background_color": 4283392383.0,
   "selected_search_result_comment_color": 4292467161.0,
   "selected_search_result_text_color": 4294967288.0,
   "version": 1
}
