{
   "background_color": 4294967295.0,
   "border_color": 4289835441.0,
   "description": "",
   "grid_line_color": 1018278321.0,
   "name": "Listary Amethyst",
   "scrollbar_color": 503316480.0,
   "search_box_cue_banner_color": 4291152079.0,
   "search_box_text_color": 4282335039.0,
   "search_result_comment_color": 4288059030.0,
   "search_result_text_color": 4279834905.0,
   "selected_background_color": 4288371126.0,
   "selected_search_result_comment_color": 4294967295.0,
   "selected_search_result_text_color": 4294967295.0,
   "version": 1
}
