{
   "background_color": 4281019958.0,
   "border_color": 2829878.0,
   "description": "Inspired by Vitor's Alfred theme http://www.packal.org/theme/mil",
   "grid_line_color": 4281019958.0,
   "name": "Mil",
   "scrollbar_color": 1354743743.0,
   "search_box_cue_banner_color": 4291152079.0,
   "search_box_text_color": 4293124579.0,
   "search_result_comment_color": 4289111718.0,
   "search_result_text_color": 4289111718.0,
   "selected_background_color": 4288558910.0,
   "selected_search_result_comment_color": 4292467161.0,
   "selected_search_result_text_color": 4294967288.0,
   "version": 1
}
