{
   "background_color": 4281348144.0,
   "border_color": 2941687576.0,
   "description": "",
   "grid_line_color": 0.0,
   "name": "Node.js",
   "scrollbar_color": 1351141215.0,
   "search_box_cue_banner_color": 4291152079.0,
   "search_box_text_color": 4283864856.0,
   "search_result_comment_color": 2140642182.0,
   "search_result_text_color": 2857801496.0,
   "selected_background_color": 4281873967.0,
   "selected_search_result_comment_color": 2952790015.0,
   "selected_search_result_text_color": 4283864856.0,
   "version": 1
}
