{
   "background_color": 4292729290.0,
   "border_color": 4290558123.0,
   "description": "Created by YaroManzarek http://yaromanzarek.deviantart.com/",
   "grid_line_color": 4290558123.0,
   "name": "Reeder",
   "scrollbar_color": 1347703632.0,
   "search_box_cue_banner_color": 4291152079.0,
   "search_box_text_color": 4286216047.0,
   "search_result_comment_color": 4286018924.0,
   "search_result_text_color": 4286018924.0,
   "selected_background_color": 4293979620.0,
   "selected_search_result_comment_color": 4286808701.0,
   "selected_search_result_text_color": 4283716432.0,
   "version": 1
}
