{
   "background_color": 3842455106.0,
   "border_color": 1644825.0,
   "description": "",
   "grid_line_color": 16777215.0,
   "name": "Solarized Dark",
   "scrollbar_color": 1357834453.0,
   "search_box_cue_banner_color": 4291152079.0,
   "search_box_text_color": 4291513110.0,
   "search_result_comment_color": 4283985525.0,
   "search_result_text_color": 4280716242.0,
   "selected_background_color": 2130717494.0,
   "selected_search_result_comment_color": 4280983960.0,
   "selected_search_result_text_color": 4290087168.0,
   "version": 1
}
