{
   "background_color": 4159629525.0,
   "border_color": 603714.0,
   "description": "",
   "grid_line_color": 4294833891.0,
   "name": "Solarized Light",
   "scrollbar_color": 1351852449.0,
   "search_box_cue_banner_color": 4291152079.0,
   "search_box_text_color": 4292032130.0,
   "search_result_comment_color": 4284840835.0,
   "search_result_text_color": 4283985525.0,
   "selected_background_color": 4160616163.0,
   "selected_search_result_comment_color": 4280983960.0,
   "selected_search_result_text_color": 4292032130.0,
   "version": 1
}
