{
   "background_color": 4075876592.0,
   "border_color": 2132811808.0,
   "description": "Created by YaroManzarek http://yaromanzarek.deviantart.com/",
   "grid_line_color": 4291875024.0,
   "name": "Spotlight",
   "scrollbar_color": 1352704160.0,
   "search_box_cue_banner_color": 4291152079.0,
   "search_box_text_color": 4286611584.0,
   "search_result_comment_color": 4286611584.0,
   "search_result_text_color": 4280295456.0,
   "selected_background_color": 4282286818.0,
   "selected_search_result_comment_color": 2147483647.0,
   "selected_search_result_text_color": 4294967295.0,
   "version": 1
}
