{
   "background_color": 4293191920.0,
   "border_color": 4291152079.0,
   "description": "Created by YaroManzarek http://yaromanzarek.deviantart.com/",
   "grid_line_color": 4291152079.0,
   "name": "Twitterrific Light",
   "scrollbar_color": 1346585932.0,
   "search_box_cue_banner_color": 4291152079.0,
   "search_box_text_color": 1497317184.0,
   "search_result_comment_color": 4282345681.0,
   "search_result_text_color": 4282598732.0,
   "selected_background_color": 4294960549.0,
   "selected_search_result_comment_color": 4291975445.0,
   "selected_search_result_text_color": 4285810980.0,
   "version": 1
}
