{
   "background_color": 4293848814.0,
   "border_color": 4292730333.0,
   "description": "Created by YaroManzarek http://yaromanzarek.deviantart.com/",
   "grid_line_color": 4292730333.0,
   "name": "We heart it",
   "scrollbar_color": 1355599052.0,
   "search_box_cue_banner_color": 4291152079.0,
   "search_box_text_color": 4286611584.0,
   "search_result_comment_color": 4289111718.0,
   "search_result_text_color": 4282400832.0,
   "selected_background_color": 4294936476.0,
   "selected_search_result_comment_color": 3221225471.0,
   "selected_search_result_text_color": 4294967295.0,
   "version": 1
}
